case_type,case_label,mashup_id,mashup_name,api_id,api_name,api_group,direct_api_name_mention,direct_api_name_match,selection_level,selection_rule,strict_clean,scf_seed_appearances,lightgcn_seed_appearances,graph_bge_seed_appearances,bge_seed_appearances,scf_consensus_rank,lightgcn_consensus_rank,graph_bge_consensus_rank,bge_consensus_rank,scf_best_seed_rank,num_positives,head_positives,middle_positives,tail_positives,unseen_positives,scf_total_hits_over_3_seeds,all_methods_total_hits_over_3_seeds
middle_rescue,Middle API 语义协同补救案例,6,Betterhome,1130,Walk Score,Middle,0.0,,0,严格清洗子集；SCF 至少 2/3 seed 命中；LightGCN 与 Graph+BGE 均未命中,1,3.0,0.0,0.0,0.0,6.0,,,,5.0,8,,,,,,
middle_rescue,Middle API 语义协同补救案例,93,Kiva Loan Map,1003,Kiva,Middle,1.0,kiva,4,SCF 共识排名优于 LightGCN，但稳定性或清洗条件已放宽,0,3.0,3.0,1.0,3.0,1.0,2.0,,1.0,1.0,2,,,,,,
middle_rescue,Middle API 语义协同补救案例,248,Distances Calculator,1383,Google Directions,Middle,0.0,,4,SCF 共识排名优于 LightGCN，但稳定性或清洗条件已放宽,0,1.0,0.0,0.0,0.0,,,,,9.0,6,,,,,,
middle_rescue,Middle API 语义协同补救案例,248,Distances Calculator,212,Google Distance Matrix,Middle,0.0,,2,完整测试集；SCF 至少 2/3 seed 命中；LightGCN 与 Graph+BGE 均未命中,0,3.0,0.0,0.0,3.0,5.0,,,3.0,4.0,6,,,,,,
middle_rescue,Middle API 语义协同补救案例,299,Real Estate Mashup,1130,Walk Score,Middle,1.0,walk score,4,SCF 共识排名优于 LightGCN，但稳定性或清洗条件已放宽,0,3.0,1.0,0.0,3.0,3.0,9.0,,2.0,2.0,5,,,,,,
middle_rescue,Middle API 语义协同补救案例,770,Hotel Comparison Widget,940,Sletoh.com,Middle,1.0,sletohcom,4,SCF 共识排名优于 LightGCN，但稳定性或清洗条件已放宽,0,3.0,3.0,2.0,3.0,1.0,2.0,1.0,1.0,1.0,2,,,,,,
middle_rescue,Middle API 语义协同补救案例,1208,Our Places,765,Bigtribe,Middle,1.0,bigtribe,4,SCF 共识排名优于 LightGCN，但稳定性或清洗条件已放宽,0,3.0,3.0,0.0,3.0,2.0,4.0,,1.0,2.0,3,,,,,,
middle_rescue,Middle API 语义协同补救案例,1399,Nestoria Uk,985,Nestoria,Middle,1.0,nestoria,2,完整测试集；SCF 至少 2/3 seed 命中；LightGCN 与 Graph+BGE 均未命中,0,3.0,0.0,0.0,3.0,3.0,,,1.0,2.0,3,,,,,,
middle_rescue,Middle API 语义协同补救案例,2168,Teamleaks,1166,Espn,Middle,0.0,,4,SCF 共识排名优于 LightGCN，但稳定性或清洗条件已放宽,1,3.0,3.0,0.0,3.0,3.0,4.0,,8.0,2.0,5,,,,,,
middle_rescue,Middle API 语义协同补救案例,2240,Lookzi,407,Simplegeo,Middle,0.0,,4,SCF 共识排名优于 LightGCN，但稳定性或清洗条件已放宽,1,1.0,0.0,0.0,3.0,,,,3.0,9.0,10,,,,,,
middle_rescue,Middle API 语义协同补救案例,2276,Instalyrics,1214,Musixmatch,Middle,0.0,,4,SCF 共识排名优于 LightGCN，但稳定性或清洗条件已放宽,1,3.0,3.0,0.0,3.0,3.0,9.0,,2.0,2.0,5,,,,,,
middle_rescue,Middle API 语义协同补救案例,2310,Tweetbrite,297,Eventbrite,Middle,0.0,,2,完整测试集；SCF 至少 2/3 seed 命中；LightGCN 与 Graph+BGE 均未命中,0,2.0,0.0,0.0,3.0,,,,4.0,9.0,3,,,,,,
middle_rescue,Middle API 语义协同补救案例,2439,Beer Signal,27,Shizzow,Middle,1.0,shizzow,2,完整测试集；SCF 至少 2/3 seed 命中；LightGCN 与 Graph+BGE 均未命中,0,3.0,0.0,0.0,3.0,5.0,,,4.0,4.0,2,,,,,,
middle_rescue,Middle API 语义协同补救案例,2490,Twt.fm,805,Ilike,Middle,1.0,ilike,2,完整测试集；SCF 至少 2/3 seed 命中；LightGCN 与 Graph+BGE 均未命中,0,3.0,0.0,0.0,3.0,8.0,,,2.0,7.0,3,,,,,,
middle_rescue,Middle API 语义协同补救案例,2559,Mybloglog First Steps,589,Mybloglog,Middle,1.0,mybloglog,4,SCF 共识排名优于 LightGCN，但稳定性或清洗条件已放宽,0,3.0,3.0,0.0,3.0,2.0,10.0,,1.0,2.0,2,,,,,,
middle_rescue,Middle API 语义协同补救案例,2608,Showhear,702,Songkick,Middle,0.0,,1,严格清洗子集；SCF 至少 2/3 seed 命中；LightGCN 未命中,1,3.0,0.0,1.0,0.0,7.0,,,,6.0,3,,,,,,
middle_rescue,Middle API 语义协同补救案例,2730,Glastonbury 2009 Lineup Mashup,1260,Bbc Music,Middle,1.0,bbc music,2,完整测试集；SCF 至少 2/3 seed 命中；LightGCN 与 Graph+BGE 均未命中,0,2.0,0.0,0.0,0.0,9.0,,,,9.0,9,,,,,,
middle_rescue,Middle API 语义协同补救案例,3106,Wap Based Image Search,171,Riya,Middle,1.0,riya,2,完整测试集；SCF 至少 2/3 seed 命中；LightGCN 与 Graph+BGE 均未命中,0,2.0,0.0,0.0,3.0,9.0,,,2.0,8.0,5,,,,,,
middle_rescue,Middle API 语义协同补救案例,3157,Etrigg.com,104,Bandsintown,Middle,0.0,,0,严格清洗子集；SCF 至少 2/3 seed 命中；LightGCN 与 Graph+BGE 均未命中,1,2.0,0.0,0.0,3.0,9.0,,,4.0,6.0,17,,,,,,
middle_rescue,Middle API 语义协同补救案例,3157,Etrigg.com,297,Eventbrite,Middle,0.0,,0,严格清洗子集；SCF 至少 2/3 seed 命中；LightGCN 与 Graph+BGE 均未命中,1,3.0,0.0,0.0,0.0,6.0,,,,5.0,17,,,,,,
middle_rescue,Middle API 语义协同补救案例,3249,Click2message,561,Myvox,Middle,1.0,myvox,2,完整测试集；SCF 至少 2/3 seed 命中；LightGCN 与 Graph+BGE 均未命中,0,3.0,0.0,0.0,0.0,6.0,,,,7.0,3,,,,,,
middle_rescue,Middle API 语义协同补救案例,3282,Librables,555,Bookmooch,Middle,0.0,,4,SCF 共识排名优于 LightGCN，但稳定性或清洗条件已放宽,1,3.0,3.0,0.0,3.0,2.0,4.0,,1.0,1.0,4,,,,,,
middle_rescue,Middle API 语义协同补救案例,3350,Moomazon,375,Moo,Middle,0.0,,4,SCF 共识排名优于 LightGCN，但稳定性或清洗条件已放宽,1,3.0,1.0,0.0,3.0,2.0,,,1.0,2.0,2,,,,,,
middle_rescue,Middle API 语义协同补救案例,3467,"Giphy And Twilio ""text A Gif""",224,Giphy,Middle,1.0,giphy,4,SCF 共识排名优于 LightGCN，但稳定性或清洗条件已放宽,0,3.0,3.0,0.0,3.0,3.0,4.0,,1.0,3.0,2,,,,,,
middle_rescue,Middle API 语义协同补救案例,3739,Last.fm Ultimate Playlist,19,Tinysong,Middle,0.0,,3,完整测试集；SCF 至少 2/3 seed 命中；LightGCN 未命中,0,3.0,0.0,1.0,0.0,7.0,,,,7.0,3,,,,,,
middle_rescue,Middle API 语义协同补救案例,3893,Popuri.us,1520,Alexa Top Sites,Middle,0.0,,2,完整测试集；SCF 至少 2/3 seed 命中；LightGCN 与 Graph+BGE 均未命中,0,3.0,0.0,0.0,3.0,3.0,,,3.0,3.0,3,,,,,,
middle_rescue,Middle API 语义协同补救案例,3932,Infinilla,268,Dribbble,Middle,1.0,dribbble,4,SCF 共识排名优于 LightGCN，但稳定性或清洗条件已放宽,0,3.0,3.0,2.0,3.0,1.0,2.0,7.0,1.0,1.0,2,,,,,,
middle_rescue,Middle API 语义协同补救案例,3937,Instascriber,587,Instapaper,Middle,1.0,instapaper,2,完整测试集；SCF 至少 2/3 seed 命中；LightGCN 与 Graph+BGE 均未命中,0,3.0,0.0,0.0,3.0,9.0,,,5.0,7.0,2,,,,,,
middle_rescue,Middle API 语义协同补救案例,3942,Google Buzz Via Sms,847,Google Buzz,Middle,1.0,google buzz,2,完整测试集；SCF 至少 2/3 seed 命中；LightGCN 与 Graph+BGE 均未命中,0,3.0,0.0,0.0,3.0,7.0,,,1.0,5.0,2,,,,,,
middle_rescue,Middle API 语义协同补救案例,3947,Down Or Not,1611,Watchmouse,Middle,1.0,watchmouse,4,SCF 共识排名优于 LightGCN，但稳定性或清洗条件已放宽,0,3.0,3.0,2.0,3.0,1.0,2.0,2.0,1.0,1.0,3,,,,,,
middle_rescue,Middle API 语义协同补救案例,3949,Echosign Esignature For Google Apps,1531,Echosign,Middle,1.0,echosign,4,SCF 共识排名优于 LightGCN，但稳定性或清洗条件已放宽,0,3.0,3.0,3.0,3.0,2.0,3.0,2.0,1.0,2.0,2,,,,,,
middle_rescue,Middle API 语义协同补救案例,4190,Precisenews,728,Moreover,Middle,0.0,,4,SCF 共识排名优于 LightGCN，但稳定性或清洗条件已放宽,1,3.0,3.0,0.0,0.0,2.0,8.0,,,2.0,15,,,,,,
middle_rescue,Middle API 语义协同补救案例,4211,Twikipedia,746,Twick.it,Middle,0.0,,4,SCF 共识排名优于 LightGCN，但稳定性或清洗条件已放宽,0,3.0,1.0,0.0,3.0,4.0,,,2.0,3.0,2,,,,,,
middle_rescue,Middle API 语义协同补救案例,4253,Picnik And Box.net,308,Picnik,Middle,1.0,picnik,2,完整测试集；SCF 至少 2/3 seed 命中；LightGCN 与 Graph+BGE 均未命中,0,3.0,0.0,0.0,3.0,4.0,,,1.0,2.0,2,,,,,,
middle_rescue,Middle API 语义协同补救案例,4415,Walk Score Facebook Application,1130,Walk Score,Middle,1.0,walk score,4,SCF 共识排名优于 LightGCN，但稳定性或清洗条件已放宽,0,3.0,3.0,0.0,3.0,3.0,4.0,,1.0,3.0,2,,,,,,
middle_rescue,Middle API 语义协同补救案例,4457,Fast & Quick Online Translator,487,Microsoft Translator,Middle,0.0,,4,SCF 共识排名优于 LightGCN，但稳定性或清洗条件已放宽,1,3.0,3.0,0.0,3.0,4.0,5.0,,1.0,3.0,2,,,,,,
middle_rescue,Middle API 语义协同补救案例,4475,Formstack Calendar,1644,Formstack,Middle,1.0,formstack,4,SCF 共识排名优于 LightGCN，但稳定性或清洗条件已放宽,0,3.0,3.0,0.0,3.0,1.0,2.0,,2.0,1.0,2,,,,,,
middle_rescue,Middle API 语义协同补救案例,4514,Bbcify,1260,Bbc Music,Middle,0.0,,1,严格清洗子集；SCF 至少 2/3 seed 命中；LightGCN 未命中,1,3.0,0.0,2.0,3.0,3.0,,9.0,3.0,3.0,4,,,,,,
middle_rescue,Middle API 语义协同补救案例,4517,Shorten Me!,1089,Google Url Shortener,Middle,1.0,google url shortener,3,完整测试集；SCF 至少 2/3 seed 命中；LightGCN 未命中,0,3.0,0.0,3.0,3.0,3.0,,3.0,1.0,2.0,2,,,,,,
middle_rescue,Middle API 语义协同补救案例,4521,Shorten Url,1089,Google Url Shortener,Middle,0.0,,1,严格清洗子集；SCF 至少 2/3 seed 命中；LightGCN 未命中,1,3.0,0.0,3.0,3.0,4.0,,4.0,1.0,3.0,13,,,,,,
middle_rescue,Middle API 语义协同补救案例,4537,Weather Odds,858,Forecast,Middle,1.0,forecast,2,完整测试集；SCF 至少 2/3 seed 命中；LightGCN 与 Graph+BGE 均未命中,0,3.0,0.0,0.0,3.0,8.0,,,3.0,7.0,3,,,,,,
middle_rescue,Middle API 语义协同补救案例,4623,Shimmer,527,Runkeeper Health Graph,Middle,0.0,,4,SCF 共识排名优于 LightGCN，但稳定性或清洗条件已放宽,0,2.0,1.0,0.0,0.0,9.0,10.0,,,8.0,7,,,,,,
middle_rescue,Middle API 语义协同补救案例,4629,Trendweight,1410,Withings,Middle,1.0,withings,4,SCF 共识排名优于 LightGCN，但稳定性或清洗条件已放宽,0,3.0,2.0,0.0,0.0,5.0,9.0,,,6.0,2,,,,,,
middle_rescue,Middle API 语义协同补救案例,4691,Compare Prices Discount Malin.com,388,Kelkoo,Middle,0.0,,0,严格清洗子集；SCF 至少 2/3 seed 命中；LightGCN 与 Graph+BGE 均未命中,1,2.0,0.0,0.0,0.0,10.0,,,,9.0,3,,,,,,
middle_rescue,Middle API 语义协同补救案例,4822,Seattrip,311,Seatwave,Middle,1.0,seatwave,3,完整测试集；SCF 至少 2/3 seed 命中；LightGCN 未命中,0,3.0,0.0,3.0,3.0,2.0,,2.0,1.0,2.0,3,,,,,,
middle_rescue,Middle API 语义协同补救案例,4910,Runkeeper,527,Runkeeper Health Graph,Middle,0.0,,4,SCF 共识排名优于 LightGCN，但稳定性或清洗条件已放宽,0,3.0,1.0,3.0,3.0,2.0,,2.0,1.0,2.0,2,,,,,,
middle_rescue,Middle API 语义协同补救案例,4921,Learn Words,844,Forvo,Middle,1.0,forvo,4,SCF 共识排名优于 LightGCN，但稳定性或清洗条件已放宽,0,3.0,3.0,2.0,3.0,1.0,4.0,8.0,1.0,1.0,1,,,,,,
middle_rescue,Middle API 语义协同补救案例,4922,German Korean Dictionary,844,Forvo,Middle,1.0,forvo,4,SCF 共识排名优于 LightGCN，但稳定性或清洗条件已放宽,0,3.0,2.0,0.0,3.0,1.0,5.0,,1.0,1.0,1,,,,,,
middle_rescue,Middle API 语义协同补救案例,4924,How To Say,844,Forvo,Middle,1.0,forvo,4,SCF 共识排名优于 LightGCN，但稳定性或清洗条件已放宽,0,3.0,2.0,0.0,3.0,2.0,7.0,,1.0,2.0,1,,,,,,
middle_rescue,Middle API 语义协同补救案例,4992,Storeslider,1145,Ebay Shopping,Middle,0.0,,2,完整测试集；SCF 至少 2/3 seed 命中；LightGCN 与 Graph+BGE 均未命中,0,3.0,0.0,0.0,3.0,2.0,,,2.0,2.0,3,,,,,,
middle_rescue,Middle API 语义协同补救案例,5010,Get Control,1150,Stripe,Middle,1.0,stripe,2,完整测试集；SCF 至少 2/3 seed 命中；LightGCN 与 Graph+BGE 均未命中,0,3.0,0.0,0.0,3.0,1.0,,,1.0,1.0,1,,,,,,
middle_rescue,Middle API 语义协同补救案例,5054,Coinstackr,986,Bitstamp Http,Middle,0.0,,4,SCF 共识排名优于 LightGCN，但稳定性或清洗条件已放宽,1,3.0,3.0,1.0,3.0,2.0,4.0,,6.0,2.0,4,,,,,,
middle_rescue,Middle API 语义协同补救案例,5095,Mobile Emulator,646,Page2images,Middle,1.0,page2images,2,完整测试集；SCF 至少 2/3 seed 命中；LightGCN 与 Graph+BGE 均未命中,0,3.0,0.0,0.0,3.0,2.0,,,1.0,1.0,1,,,,,,
middle_rescue,Middle API 语义协同补救案例,5130,Spotkick,702,Songkick,Middle,1.0,songkick,3,完整测试集；SCF 至少 2/3 seed 命中；LightGCN 未命中,0,3.0,0.0,3.0,3.0,3.0,,2.0,1.0,2.0,2,,,,,,
middle_rescue,Middle API 语义协同补救案例,5136,Ten Word Moo Card,375,Moo,Middle,1.0,moo,0,严格清洗子集；SCF 至少 2/3 seed 命中；LightGCN 与 Graph+BGE 均未命中,1,3.0,0.0,0.0,3.0,1.0,,,1.0,1.0,1,,,,,,
middle_rescue,Middle API 语义协同补救案例,5152,Alexa Graphs On Cell Phone,1520,Alexa Top Sites,Middle,0.0,,4,SCF 共识排名优于 LightGCN，但稳定性或清洗条件已放宽,0,3.0,1.0,0.0,3.0,2.0,,,1.0,2.0,2,,,,,,
middle_rescue,Middle API 语义协同补救案例,5153,Propertywizza,985,Nestoria,Middle,1.0,nestoria,2,完整测试集；SCF 至少 2/3 seed 命中；LightGCN 与 Graph+BGE 均未命中,0,2.0,0.0,0.0,3.0,9.0,,,6.0,9.0,3,,,,,,
middle_rescue,Middle API 语义协同补救案例,5155,Nestoria Espana,985,Nestoria,Middle,1.0,nestoria,2,完整测试集；SCF 至少 2/3 seed 命中；LightGCN 与 Graph+BGE 均未命中,0,3.0,0.0,0.0,3.0,2.0,,,1.0,2.0,1,,,,,,
middle_rescue,Middle API 语义协同补救案例,5162,Lucille Hipchat Bot,224,Giphy,Middle,1.0,giphy,4,SCF 共识排名优于 LightGCN，但稳定性或清洗条件已放宽,0,1.0,0.0,0.0,3.0,,,,1.0,10.0,2,,,,,,
middle_rescue,Middle API 语义协同补救案例,5165,Coindesk Bitcoin Price Index (bpi),986,Bitstamp Http,Middle,0.0,,4,SCF 共识排名优于 LightGCN，但稳定性或清洗条件已放宽,0,3.0,3.0,1.0,3.0,4.0,6.0,,5.0,4.0,4,,,,,,
middle_rescue,Middle API 语义协同补救案例,5167,Uship On Ritchie Bros. Auctioneers,70,Uship,Middle,1.0,uship,4,SCF 共识排名优于 LightGCN，但稳定性或清洗条件已放宽,0,3.0,3.0,0.0,3.0,1.0,2.0,,1.0,1.0,1,,,,,,
middle_rescue,Middle API 语义协同补救案例,5186,Barcelona City Tours,922,Rezgo,Middle,1.0,rezgo,4,SCF 共识排名优于 LightGCN，但稳定性或清洗条件已放宽,0,3.0,3.0,0.0,3.0,3.0,5.0,,2.0,3.0,1,,,,,,
middle_rescue,Middle API 语义协同补救案例,5187,Viamigo,922,Rezgo,Middle,1.0,rezgo,2,完整测试集；SCF 至少 2/3 seed 命中；LightGCN 与 Graph+BGE 均未命中,0,2.0,0.0,0.0,3.0,6.0,,,4.0,5.0,1,,,,,,
middle_rescue,Middle API 语义协同补救案例,5199,Socialconnect,953,Social Actions,Middle,0.0,,2,完整测试集；SCF 至少 2/3 seed 命中；LightGCN 与 Graph+BGE 均未命中,0,3.0,0.0,0.0,3.0,4.0,,,1.0,4.0,5,,,,,,
middle_rescue,Middle API 语义协同补救案例,5201,Blip.fm,528,Livekick,Middle,1.0,livekick,4,SCF 共识排名优于 LightGCN，但稳定性或清洗条件已放宽,0,3.0,3.0,0.0,3.0,1.0,4.0,,1.0,1.0,2,,,,,,
middle_rescue,Middle API 语义协同补救案例,5201,Blip.fm,1258,Blip.fm,Middle,1.0,blip.fm,2,完整测试集；SCF 至少 2/3 seed 命中；LightGCN 与 Graph+BGE 均未命中,0,3.0,0.0,0.0,3.0,4.0,,,3.0,4.0,2,,,,,,
middle_rescue,Middle API 语义协同补救案例,5220,Netto Mobile App,713,Dansk Supermarked,Middle,1.0,dansk supermarked,4,SCF 共识排名优于 LightGCN，但稳定性或清洗条件已放宽,0,3.0,3.0,0.0,3.0,1.0,2.0,,1.0,1.0,1,,,,,,
middle_rescue,Middle API 语义协同补救案例,5224,Strava Segment,360,Strava,Middle,1.0,strava,4,SCF 共识排名优于 LightGCN，但稳定性或清洗条件已放宽,0,3.0,3.0,0.0,3.0,2.0,8.0,,1.0,2.0,1,,,,,,
middle_rescue,Middle API 语义协同补救案例,5226,Snapsboard,1240,Walgreens Quickprints,Middle,0.0,,0,严格清洗子集；SCF 至少 2/3 seed 命中；LightGCN 与 Graph+BGE 均未命中,1,3.0,0.0,0.0,3.0,6.0,,,1.0,5.0,1,,,,,,
middle_rescue,Middle API 语义协同补救案例,5259,Iradioapp: Iphone Radio,580,Yes Broadcast Db,Middle,0.0,,3,完整测试集；SCF 至少 2/3 seed 命中；LightGCN 未命中,0,3.0,0.0,2.0,3.0,2.0,,4.0,1.0,2.0,3,,,,,,
middle_rescue,Middle API 语义协同补救案例,5265,Postrank Google Reader Extension,263,Aiderss,Middle,0.0,,4,SCF 共识排名优于 LightGCN，但稳定性或清洗条件已放宽,1,3.0,1.0,0.0,3.0,4.0,,,2.0,3.0,1,,,,,,
middle_rescue,Middle API 语义协同补救案例,5269,Uk Carbon Footprint Project,778,Amee,Middle,1.0,amee,4,SCF 共识排名优于 LightGCN，但稳定性或清洗条件已放宽,0,3.0,3.0,0.0,3.0,1.0,3.0,,1.0,1.0,1,,,,,,
middle_rescue,Middle API 语义协同补救案例,5304,Restaurant Finder,762,Zomato Foodie Index,Middle,0.0,,4,SCF 共识排名优于 LightGCN，但稳定性或清洗条件已放宽,1,3.0,1.0,0.0,3.0,2.0,,,1.0,2.0,1,,,,,,
middle_rescue,Middle API 语义协同补救案例,5314,Trakter,108,Trakt.tv,Middle,1.0,trakttv,3,完整测试集；SCF 至少 2/3 seed 命中；LightGCN 未命中,0,3.0,0.0,3.0,3.0,1.0,,5.0,1.0,1.0,1,,,,,,
middle_rescue,Middle API 语义协同补救案例,5323,Yolink Outside.in Mashup,896,Outside.in,Middle,1.0,outside.in,2,完整测试集；SCF 至少 2/3 seed 命中；LightGCN 与 Graph+BGE 均未命中,0,2.0,0.0,0.0,3.0,10.0,,,3.0,10.0,2,,,,,,
middle_rescue,Middle API 语义协同补救案例,5323,Yolink Outside.in Mashup,473,Yolink,Middle,1.0,yolink,2,完整测试集；SCF 至少 2/3 seed 命中；LightGCN 与 Graph+BGE 均未命中,0,3.0,0.0,0.0,3.0,5.0,,,1.0,5.0,2,,,,,,
middle_rescue,Middle API 语义协同补救案例,5327,Pickemfirst,987,Yahoo Fantasy Sports,Middle,0.0,,4,SCF 共识排名优于 LightGCN，但稳定性或清洗条件已放宽,1,3.0,3.0,0.0,3.0,1.0,2.0,,3.0,1.0,1,,,,,,
middle_rescue,Middle API 语义协同补救案例,5344,Twick.it On Layar,746,Twick.it,Middle,1.0,twick.it,4,SCF 共识排名优于 LightGCN，但稳定性或清洗条件已放宽,0,3.0,3.0,1.0,3.0,2.0,3.0,,2.0,1.0,2,,,,,,
middle_rescue,Middle API 语义协同补救案例,5357,Resumedroppr,745,Scribd Ipaper,Middle,0.0,,2,完整测试集；SCF 至少 2/3 seed 命中；LightGCN 与 Graph+BGE 均未命中,0,3.0,0.0,0.0,3.0,1.0,,,2.0,1.0,2,,,,,,
middle_rescue,Middle API 语义协同补救案例,5362,Fec Candidate Id Lookup,192,Maplight,Middle,1.0,maplight,4,SCF 共识排名优于 LightGCN，但稳定性或清洗条件已放宽,0,3.0,2.0,3.0,3.0,2.0,8.0,2.0,1.0,2.0,1,,,,,,
middle_rescue,Middle API 语义协同补救案例,5375,Myadengine,680,Yahoo Search Marketing,Middle,0.0,,4,SCF 共识排名优于 LightGCN，但稳定性或清洗条件已放宽,0,3.0,2.0,0.0,3.0,5.0,10.0,,8.0,4.0,4,,,,,,
middle_rescue,Middle API 语义协同补救案例,5375,Myadengine,1552,Microsoft Adcenter,Middle,0.0,,4,SCF 共识排名优于 LightGCN，但稳定性或清洗条件已放宽,0,3.0,2.0,0.0,0.0,6.0,9.0,,,6.0,4,,,,,,
middle_rescue,Middle API 语义协同补救案例,5511,Digitalbucket With E Signatures,1531,Echosign,Middle,1.0,echosign,4,SCF 共识排名优于 LightGCN，但稳定性或清洗条件已放宽,0,3.0,3.0,3.0,3.0,2.0,3.0,2.0,1.0,1.0,2,,,,,,
middle_rescue,Middle API 语义协同补救案例,5697,Sosius Integrates Signature,1531,Echosign,Middle,1.0,echosign,4,SCF 共识排名优于 LightGCN，但稳定性或清洗条件已放宽,0,3.0,3.0,2.0,3.0,2.0,3.0,5.0,2.0,2.0,2,,,,,,
middle_rescue,Middle API 语义协同补救案例,5913,Nzflats Property Mashup,654,Zoomin,Middle,1.0,zoomin,3,完整测试集；SCF 至少 2/3 seed 命中；LightGCN 未命中,0,3.0,0.0,1.0,3.0,2.0,,,1.0,2.0,1,,,,,,
middle_rescue,Middle API 语义协同补救案例,5937,Blip.fm 2,528,Livekick,Middle,1.0,livekick,4,SCF 共识排名优于 LightGCN，但稳定性或清洗条件已放宽,0,3.0,3.0,2.0,3.0,1.0,6.0,,2.0,1.0,2,,,,,,
middle_rescue,Middle API 语义协同补救案例,5937,Blip.fm 2,1258,Blip.fm,Middle,1.0,blip.fm,2,完整测试集；SCF 至少 2/3 seed 命中；LightGCN 与 Graph+BGE 均未命中,0,3.0,0.0,0.0,3.0,4.0,,,3.0,4.0,2,,,,,,
middle_rescue,Middle API 语义协同补救案例,5955,Omom Online Members On Map,1138,Orkut,Middle,0.0,,4,SCF 共识排名优于 LightGCN，但稳定性或清洗条件已放宽,0,3.0,3.0,0.0,0.0,5.0,6.0,,,4.0,7,,,,,,
middle_rescue,Middle API 语义协同补救案例,5955,Omom Online Members On Map,380,Hi5,Middle,0.0,,4,SCF 共识排名优于 LightGCN，但稳定性或清洗条件已放宽,0,3.0,3.0,0.0,0.0,2.0,7.0,,,2.0,7,,,,,,
middle_rescue,Middle API 语义协同补救案例,5966,Blinksale 2,1387,Blinksale,Middle,1.0,blinksale,4,SCF 共识排名优于 LightGCN，但稳定性或清洗条件已放宽,0,3.0,3.0,3.0,3.0,1.0,5.0,2.0,1.0,1.0,2,,,,,,
middle_rescue,Middle API 语义协同补救案例,5985,Buddy Stalker,779,Webaim,Middle,0.0,,4,SCF 共识排名优于 LightGCN，但稳定性或清洗条件已放宽,1,1.0,0.0,0.0,3.0,,,,2.0,7.0,1,,,,,,
middle_rescue,Middle API 语义协同补救案例,6174,Wiicode Cards Wiicode.org,375,Moo,Middle,0.0,,0,严格清洗子集；SCF 至少 2/3 seed 命中；LightGCN 与 Graph+BGE 均未命中,1,2.0,0.0,0.0,3.0,9.0,,,10.0,6.0,1,,,,,,
middle_rescue,Middle API 语义协同补救案例,6178,Voxcards,561,Myvox,Middle,1.0,myvox,4,SCF 共识排名优于 LightGCN，但稳定性或清洗条件已放宽,0,3.0,2.0,0.0,3.0,2.0,10.0,,2.0,2.0,1,,,,,,
middle_rescue,Middle API 语义协同补救案例,6228,Mash The Book,66,Google Book Search Book Viewability,Middle,0.0,,2,完整测试集；SCF 至少 2/3 seed 命中；LightGCN 与 Graph+BGE 均未命中,0,3.0,0.0,0.0,3.0,3.0,,,1.0,3.0,2,,,,,,
middle_rescue,Middle API 语义协同补救案例,6335,Chacha.im Add Chacha As Your Im Buddy,857,Imified,Middle,0.0,,4,SCF 共识排名优于 LightGCN，但稳定性或清洗条件已放宽,0,3.0,3.0,0.0,0.0,2.0,3.0,,,2.0,3,,,,,,
middle_rescue,Middle API 语义协同补救案例,6361,Rentals By Owner Canada,417,Geocoder.ca,Middle,0.0,,0,严格清洗子集；SCF 至少 2/3 seed 命中；LightGCN 与 Graph+BGE 均未命中,1,3.0,0.0,0.0,3.0,3.0,,,9.0,2.0,2,,,,,,
middle_rescue,Middle API 语义协同补救案例,6543,Sharemethods Echosign,1531,Echosign,Middle,1.0,echosign,4,SCF 共识排名优于 LightGCN，但稳定性或清洗条件已放宽,0,3.0,3.0,3.0,3.0,1.0,2.0,2.0,1.0,1.0,2,,,,,,
middle_rescue,Middle API 语义协同补救案例,6606,Shiftpop,1276,Ustream.tv,Middle,0.0,,2,完整测试集；SCF 至少 2/3 seed 命中；LightGCN 与 Graph+BGE 均未命中,0,3.0,0.0,0.0,3.0,6.0,,,5.0,6.0,3,,,,,,
middle_rescue,Middle API 语义协同补救案例,6718,Fast Quick Online Translator,487,Microsoft Translator,Middle,0.0,,0,严格清洗子集；SCF 至少 2/3 seed 命中；LightGCN 与 Graph+BGE 均未命中,1,3.0,0.0,0.0,3.0,5.0,,,1.0,4.0,2,,,,,,
middle_rescue,Middle API 语义协同补救案例,6823,Tweetzcloud,639,Backtweets,Middle,0.0,,4,SCF 共识排名优于 LightGCN，但稳定性或清洗条件已放宽,1,3.0,1.0,0.0,3.0,4.0,,,2.0,3.0,2,,,,,,
middle_rescue,Middle API 语义协同补救案例,6962,Whats On Air Pro,311,Seatwave,Middle,0.0,,4,SCF 共识排名优于 LightGCN，但稳定性或清洗条件已放宽,1,1.0,0.0,0.0,3.0,,,,5.0,7.0,1,,,,,,
middle_rescue,Middle API 语义协同补救案例,7145,Precisenews 2,728,Moreover,Middle,0.0,,4,SCF 共识排名优于 LightGCN，但稳定性或清洗条件已放宽,1,3.0,3.0,0.0,0.0,3.0,9.0,,,2.0,15,,,,,,
middle_rescue,Middle API 语义协同补救案例,7168,Mobile Emulator,646,Page2images,Middle,1.0,page2images,4,SCF 共识排名优于 LightGCN，但稳定性或清洗条件已放宽,0,3.0,1.0,0.0,3.0,3.0,,,1.0,2.0,1,,,,,,
middle_rescue,Middle API 语义协同补救案例,7208,Indash Sms Dashboard Auto Responder For Nexmo,223,Nexmo Wholesale Sms,Middle,0.0,,2,完整测试集；SCF 至少 2/3 seed 命中；LightGCN 与 Graph+BGE 均未命中,0,3.0,0.0,0.0,3.0,3.0,,,2.0,2.0,4,,,,,,
middle_rescue,Middle API 语义协同补救案例,7254,Ufomaps 3d,900,Poly9 Freeearth,Middle,0.0,,0,严格清洗子集；SCF 至少 2/3 seed 命中；LightGCN 与 Graph+BGE 均未命中,1,3.0,0.0,0.0,3.0,3.0,,,1.0,3.0,1,,,,,,
middle_rescue,Middle API 语义协同补救案例,7255,Twittervision 3d,900,Poly9 Freeearth,Middle,0.0,,4,SCF 共识排名优于 LightGCN，但稳定性或清洗条件已放宽,0,1.0,0.0,0.0,3.0,,,,2.0,10.0,2,,,,,,
middle_rescue,Middle API 语义协同补救案例,7352,Where Is My Train,1031,Mappy,Middle,1.0,mappy,2,完整测试集；SCF 至少 2/3 seed 命中；LightGCN 与 Graph+BGE 均未命中,0,2.0,0.0,0.0,3.0,6.0,,,1.0,4.0,1,,,,,,
middle_rescue,Middle API 语义协同补救案例,7619,Iconference,1624,Ringful,Middle,0.0,,4,SCF 共识排名优于 LightGCN，但稳定性或清洗条件已放宽,1,3.0,3.0,0.0,3.0,3.0,4.0,,2.0,3.0,1,,,,,,
middle_rescue,Middle API 语义协同补救案例,7727,Twitter Times,851,What The Trend,Middle,0.0,,2,完整测试集；SCF 至少 2/3 seed 命中；LightGCN 与 Graph+BGE 均未命中,0,3.0,0.0,0.0,3.0,2.0,,,1.0,2.0,4,,,,,,
middle_rescue,Middle API 语义协同补救案例,7737,Vdiddy,532,Grouper Video,Middle,0.0,,0,严格清洗子集；SCF 至少 2/3 seed 命中；LightGCN 与 Graph+BGE 均未命中,1,3.0,0.0,0.0,0.0,8.0,,,,7.0,3,,,,,,
middle_rescue,Middle API 语义协同补救案例,7785,Fantastic Top Artists,311,Seatwave,Middle,1.0,seatwave,4,SCF 共识排名优于 LightGCN，但稳定性或清洗条件已放宽,0,3.0,2.0,0.0,0.0,7.0,9.0,,,6.0,1,,,,,,
middle_rescue,Middle API 语义协同补救案例,7841,Event Browser,311,Seatwave,Middle,1.0,seatwave,4,SCF 共识排名优于 LightGCN，但稳定性或清洗条件已放宽,0,3.0,2.0,2.0,3.0,1.0,8.0,10.0,1.0,1.0,2,,,,,,
middle_rescue,Middle API 语义协同补救案例,8056,Weather Alerts,1598,Noaa National Weather Service Nws,Middle,0.0,,0,严格清洗子集；SCF 至少 2/3 seed 命中；LightGCN 与 Graph+BGE 均未命中,1,2.0,0.0,0.0,0.0,10.0,,,,10.0,1,,,,,,
middle_rescue,Middle API 语义协同补救案例,8128,30 Boxes Evoketv,428,30 Boxes,Middle,1.0,30 boxes,4,SCF 共识排名优于 LightGCN，但稳定性或清洗条件已放宽,0,3.0,3.0,3.0,3.0,1.0,4.0,1.0,1.0,1.0,1,,,,,,
middle_rescue,Middle API 语义协同补救案例,8171,Canadian Skating Rink Arena Finder,1271,Loxcel,Middle,0.0,,4,SCF 共识排名优于 LightGCN，但稳定性或清洗条件已放宽,0,3.0,3.0,0.0,0.0,2.0,3.0,,,2.0,3,,,,,,
tail_rescue,Tail API 语义协同补救案例,25,Poll Position,744,Google Civic Information,Tail,1.0,google civic information,2,完整测试集；SCF 至少 2/3 seed 命中；LightGCN 与 Graph+BGE 均未命中,0,3.0,0.0,0.0,3.0,3.0,,,1.0,3.0,3,,,,,,
tail_rescue,Tail API 语义协同补救案例,39,Goolzoom France,331,Geoportail,Tail,1.0,geoportail,2,完整测试集；SCF 至少 2/3 seed 命中；LightGCN 与 Graph+BGE 均未命中,0,3.0,0.0,0.0,3.0,2.0,,,1.0,2.0,2,,,,,,
tail_rescue,Tail API 语义协同补救案例,1306,Spokenbuzz On A Map,133,Spokenbuzz,Tail,1.0,spokenbuzz,2,完整测试集；SCF 至少 2/3 seed 命中；LightGCN 与 Graph+BGE 均未命中,0,3.0,0.0,0.0,3.0,3.0,,,1.0,3.0,2,,,,,,
tail_rescue,Tail API 语义协同补救案例,1622,"Connecting Consumers And Businesses In Cities, Worldwide!",1029,Us Yellow Pages,Tail,0.0,,4,SCF 共识排名优于 LightGCN，但稳定性或清洗条件已放宽,0,3.0,1.0,0.0,0.0,3.0,,,,3.0,12,,,,,,
tail_rescue,Tail API 语义协同补救案例,2748,Congress Spacebook,936,Capitol Words,Tail,0.0,,4,SCF 共识排名优于 LightGCN，但稳定性或清洗条件已放宽,1,3.0,2.0,0.0,3.0,6.0,9.0,,6.0,6.0,11,,,,,,
tail_rescue,Tail API 语义协同补救案例,3241,Wiserearth Facebook App,109,Wiserearth,Tail,1.0,wiserearth,4,SCF 共识排名优于 LightGCN，但稳定性或清洗条件已放宽,0,1.0,0.0,0.0,3.0,,,,1.0,9.0,2,,,,,,
tail_rescue,Tail API 语义协同补救案例,3249,Click2message,1434,Broadsoft Xtended,Tail,0.0,,2,完整测试集；SCF 至少 2/3 seed 命中；LightGCN 与 Graph+BGE 均未命中,0,3.0,0.0,0.0,3.0,4.0,,,8.0,3.0,3,,,,,,
tail_rescue,Tail API 语义协同补救案例,3498,Y!vmail Voice Mail For Your Yahoo! Mail,973,Yahoo Address Book,Tail,0.0,,4,SCF 共识排名优于 LightGCN，但稳定性或清洗条件已放宽,0,3.0,3.0,0.0,0.0,2.0,3.0,,,2.0,3,,,,,,
tail_rescue,Tail API 语义协同补救案例,4190,Precisenews,1574,Syndic8,Tail,0.0,,0,严格清洗子集；SCF 至少 2/3 seed 命中；LightGCN 与 Graph+BGE 均未命中,1,3.0,0.0,0.0,0.0,3.0,,,,2.0,15,,,,,,
tail_rescue,Tail API 语义协同补救案例,4190,Precisenews,1467,Newsgator,Tail,0.0,,4,SCF 共识排名优于 LightGCN，但稳定性或清洗条件已放宽,1,3.0,1.0,0.0,0.0,5.0,,,,5.0,15,,,,,,
tail_rescue,Tail API 语义协同补救案例,4270,Editgrid And Box.net,1596,Editgrid,Tail,1.0,editgrid,2,完整测试集；SCF 至少 2/3 seed 命中；LightGCN 与 Graph+BGE 均未命中,0,3.0,0.0,0.0,3.0,4.0,,,1.0,4.0,2,,,,,,
tail_rescue,Tail API 语义协同补救案例,4623,Shimmer,1583,Ihealth,Tail,1.0,ihealth,4,SCF 共识排名优于 LightGCN，但稳定性或清洗条件已放宽,0,3.0,3.0,0.0,3.0,3.0,4.0,,5.0,3.0,7,,,,,,
tail_rescue,Tail API 语义协同补救案例,4828,Tarpipe For Evernote,827,Tarpipe,Tail,1.0,tarpipe,4,SCF 共识排名优于 LightGCN，但稳定性或清洗条件已放宽,0,3.0,3.0,0.0,3.0,1.0,2.0,,1.0,1.0,2,,,,,,
tail_rescue,Tail API 语义协同补救案例,4931,Plunker Editor,1137,Plunker,Tail,1.0,plunker,2,完整测试集；SCF 至少 2/3 seed 命中；LightGCN 与 Graph+BGE 均未命中,0,3.0,0.0,0.0,3.0,1.0,,,1.0,1.0,2,,,,,,
tail_rescue,Tail API 语义协同补救案例,5242,Fix It Repair Guides Android,1385,Ifixit,Tail,0.0,,0,严格清洗子集；SCF 至少 2/3 seed 命中；LightGCN 与 Graph+BGE 均未命中,1,3.0,0.0,0.0,3.0,2.0,,,1.0,2.0,1,,,,,,
tail_rescue,Tail API 语义协同补救案例,5274,Redistricting The Nation,522,Cicero,Tail,0.0,,0,严格清洗子集；SCF 至少 2/3 seed 命中；LightGCN 与 Graph+BGE 均未命中,1,3.0,0.0,0.0,3.0,7.0,,,3.0,8.0,1,,,,,,
tail_rescue,Tail API 语义协同补救案例,5292,Dragon's Armory,1372,Daybreak Game Company Census,Tail,0.0,,0,严格清洗子集；SCF 至少 2/3 seed 命中；LightGCN 与 Graph+BGE 均未命中,1,3.0,0.0,0.0,3.0,2.0,,,1.0,2.0,1,,,,,,
tail_rescue,Tail API 语义协同补救案例,5307,Pdxster,249,Pdxcouncilconnect,Tail,0.0,,1,严格清洗子集；SCF 至少 2/3 seed 命中；LightGCN 未命中,1,3.0,0.0,2.0,3.0,1.0,,5.0,1.0,1.0,1,,,,,,
tail_rescue,Tail API 语义协同补救案例,5312,North Carolina Breweries,1562,Brewery Db,Tail,0.0,,4,SCF 共识排名优于 LightGCN，但稳定性或清洗条件已放宽,1,3.0,3.0,0.0,3.0,1.0,2.0,,2.0,1.0,1,,,,,,
tail_rescue,Tail API 语义协同补救案例,5341,Sap Anywhere Xero Integration,1523,Xero,Tail,1.0,xero,2,完整测试集；SCF 至少 2/3 seed 命中；LightGCN 与 Graph+BGE 均未命中,0,3.0,0.0,0.0,3.0,5.0,,,3.0,4.0,2,,,,,,
tail_rescue,Tail API 语义协同补救案例,5344,Twick.it On Layar,327,Layar,Tail,1.0,layar,3,完整测试集；SCF 至少 2/3 seed 命中；LightGCN 未命中,0,3.0,0.0,2.0,3.0,3.0,,5.0,1.0,2.0,2,,,,,,
tail_rescue,Tail API 语义协同补救案例,5345,Alt What Now,327,Layar,Tail,1.0,layar,2,完整测试集；SCF 至少 2/3 seed 命中；LightGCN 与 Graph+BGE 均未命中,0,3.0,0.0,0.0,3.0,2.0,,,1.0,2.0,5,,,,,,
tail_rescue,Tail API 语义协同补救案例,5411,Boom Cellar,1057,Highcharts Highstock,Tail,0.0,,0,严格清洗子集；SCF 至少 2/3 seed 命中；LightGCN 与 Graph+BGE 均未命中,1,3.0,0.0,0.0,0.0,7.0,,,,5.0,1,,,,,,
tail_rescue,Tail API 语义协同补救案例,5438,Pizza Coupons,1480,Dealsurf,Tail,0.0,,0,严格清洗子集；SCF 至少 2/3 seed 命中；LightGCN 与 Graph+BGE 均未命中,1,3.0,0.0,0.0,3.0,4.0,,,9.0,3.0,3,,,,,,
tail_rescue,Tail API 语义协同补救案例,5438,Pizza Coupons,812,Adility,Tail,0.0,,4,SCF 共识排名优于 LightGCN，但稳定性或清洗条件已放宽,1,3.0,1.0,0.0,0.0,8.0,,,,8.0,3,,,,,,
tail_rescue,Tail API 语义协同补救案例,5438,Pizza Coupons,1063,Retailmenot.com Community Ideas,Tail,0.0,,4,SCF 共识排名优于 LightGCN，但稳定性或清洗条件已放宽,1,3.0,2.0,0.0,3.0,2.0,10.0,,3.0,2.0,3,,,,,,
tail_rescue,Tail API 语义协同补救案例,5475,Online Pdf Generator,1563,Anything2pdf,Tail,0.0,,0,严格清洗子集；SCF 至少 2/3 seed 命中；LightGCN 与 Graph+BGE 均未命中,1,3.0,0.0,0.0,3.0,2.0,,,1.0,2.0,1,,,,,,
tail_rescue,Tail API 语义协同补救案例,5481,Stupeflix Wikipedia Videos,798,Stupeflix,Tail,1.0,stupeflix,2,完整测试集；SCF 至少 2/3 seed 命中；LightGCN 与 Graph+BGE 均未命中,0,3.0,0.0,0.0,3.0,2.0,,,1.0,2.0,1,,,,,,
tail_rescue,Tail API 语义协同补救案例,5484,Currency Converter,49,Foxrate,Tail,0.0,,0,严格清洗子集；SCF 至少 2/3 seed 命中；LightGCN 与 Graph+BGE 均未命中,1,2.0,0.0,0.0,3.0,9.0,,,4.0,7.0,1,,,,,,
tail_rescue,Tail API 语义协同补救案例,5494,My Wikia,611,Wikia,Tail,1.0,wikia,2,完整测试集；SCF 至少 2/3 seed 命中；LightGCN 与 Graph+BGE 均未命中,0,3.0,0.0,0.0,3.0,7.0,,,7.0,6.0,1,,,,,,
tail_rescue,Tail API 语义协同补救案例,5507,Deki Wiki Digg Extension,1164,Mindtouch Deki Wiki,Tail,0.0,,2,完整测试集；SCF 至少 2/3 seed 命中；LightGCN 与 Graph+BGE 均未命中,0,3.0,0.0,0.0,3.0,5.0,,,10.0,5.0,2,,,,,,
tail_rescue,Tail API 语义协同补救案例,5512,Discovery Channel Nasa,69,Evoca,Tail,1.0,evoca,2,完整测试集；SCF 至少 2/3 seed 命中；LightGCN 与 Graph+BGE 均未命中,0,3.0,0.0,0.0,3.0,3.0,,,1.0,3.0,1,,,,,,
tail_rescue,Tail API 语义协同补救案例,5577,Backlink Checker,434,Ahrefs,Tail,1.0,ahrefs,2,完整测试集；SCF 至少 2/3 seed 命中；LightGCN 与 Graph+BGE 均未命中,0,3.0,0.0,0.0,3.0,1.0,,,1.0,1.0,1,,,,,,
tail_rescue,Tail API 语义协同补救案例,6335,Chacha.im Add Chacha As Your Im Buddy,1616,Chacha,Tail,1.0,chacha,4,SCF 共识排名优于 LightGCN，但稳定性或清洗条件已放宽,0,3.0,3.0,0.0,3.0,1.0,2.0,,1.0,1.0,3,,,,,,
tail_rescue,Tail API 语义协同补救案例,6430,Now Yahoo Music Player Plugin,1600,Yahoo Music Engine,Tail,0.0,,0,严格清洗子集；SCF 至少 2/3 seed 命中；LightGCN 与 Graph+BGE 均未命中,1,3.0,0.0,0.0,3.0,9.0,,,4.0,7.0,1,,,,,,
tail_rescue,Tail API 语义协同补救案例,6432,Api Discovery With Scheme,249,Pdxcouncilconnect,Tail,1.0,pdxcouncilconnect,2,完整测试集；SCF 至少 2/3 seed 命中；LightGCN 与 Graph+BGE 均未命中,0,3.0,0.0,0.0,3.0,1.0,,,1.0,1.0,1,,,,,,
tail_rescue,Tail API 语义协同补救案例,6482,Hubot Food,1470,Ordr.in,Tail,1.0,ordrin,2,完整测试集；SCF 至少 2/3 seed 命中；LightGCN 与 Graph+BGE 均未命中,0,3.0,0.0,0.0,3.0,1.0,,,1.0,1.0,1,,,,,,
tail_rescue,Tail API 语义协同补救案例,7072,Scanurl.net,261,Google Safe Browsing,Tail,1.0,google safe browsing,2,完整测试集；SCF 至少 2/3 seed 命中；LightGCN 与 Graph+BGE 均未命中,0,3.0,0.0,0.0,3.0,4.0,,,2.0,4.0,3,,,,,,
tail_rescue,Tail API 语义协同补救案例,7145,Precisenews 2,1574,Syndic8,Tail,0.0,,0,严格清洗子集；SCF 至少 2/3 seed 命中；LightGCN 与 Graph+BGE 均未命中,1,3.0,0.0,0.0,0.0,5.0,,,,3.0,15,,,,,,
tail_rescue,Tail API 语义协同补救案例,7145,Precisenews 2,1467,Newsgator,Tail,0.0,,0,严格清洗子集；SCF 至少 2/3 seed 命中；LightGCN 与 Graph+BGE 均未命中,1,2.0,0.0,0.0,0.0,10.0,,,,9.0,15,,,,,,
tail_rescue,Tail API 语义协同补救案例,7243,Wehostels,1363,Bookingmarkets,Tail,0.0,,0,严格清洗子集；SCF 至少 2/3 seed 命中；LightGCN 与 Graph+BGE 均未命中,1,3.0,0.0,0.0,3.0,6.0,,,5.0,5.0,1,,,,,,
tail_rescue,Tail API 语义协同补救案例,7627,Infosniper Locate Ip On Map,1638,Infosniper.net,Tail,0.0,,4,SCF 共识排名优于 LightGCN，但稳定性或清洗条件已放宽,1,3.0,3.0,0.0,3.0,1.0,2.0,,1.0,1.0,1,,,,,,
tail_rescue,Tail API 语义协同补救案例,7677,Checkware Product Information,334,Warenet Checkware,Tail,0.0,,0,严格清洗子集；SCF 至少 2/3 seed 命中；LightGCN 与 Graph+BGE 均未命中,1,3.0,0.0,0.0,3.0,4.0,,,1.0,4.0,1,,,,,,
tail_rescue,Tail API 语义协同补救案例,7685,Piesync Power Of Highrise In Google Apps,576,Google Provisioning,Tail,0.0,,4,SCF 共识排名优于 LightGCN，但稳定性或清洗条件已放宽,0,3.0,3.0,0.0,0.0,4.0,7.0,,,4.0,7,,,,,,
unseen_rescue,训练交互未见 API 零样式补救案例,233,The Book Report,213,Readmill,Unseen,1.0,readmill,2,完整测试集；SCF 至少 2/3 seed 命中；LightGCN 与 Graph+BGE 均未命中,0,3.0,0.0,0.0,3.0,7.0,,,1.0,7.0,2,,,,,,
unseen_rescue,训练交互未见 API 零样式补救案例,306,Jammap,1074,Jamendo,Unseen,1.0,jamendo,2,完整测试集；SCF 至少 2/3 seed 命中；LightGCN 与 Graph+BGE 均未命中,0,3.0,0.0,0.0,3.0,6.0,,,1.0,6.0,2,,,,,,
unseen_rescue,训练交互未见 API 零样式补救案例,629,Cosmos And Culture,529,Science Museum,Unseen,1.0,science museum,2,完整测试集；SCF 至少 2/3 seed 命中；LightGCN 与 Graph+BGE 均未命中,0,3.0,0.0,0.0,3.0,4.0,,,1.0,4.0,2,,,,,,
unseen_rescue,训练交互未见 API 零样式补救案例,1157,Cribq Rental Housing Dashboard,1280,Rentometer,Unseen,1.0,rentometer,2,完整测试集；SCF 至少 2/3 seed 命中；LightGCN 与 Graph+BGE 均未命中,0,3.0,0.0,0.0,3.0,5.0,,,1.0,3.0,5,,,,,,
unseen_rescue,训练交互未见 API 零样式补救案例,2654,Moviegram,674,Trailer Addict,Unseen,0.0,,0,严格清洗子集；SCF 至少 2/3 seed 命中；LightGCN 与 Graph+BGE 均未命中,1,3.0,0.0,0.0,3.0,8.0,,,3.0,8.0,3,,,,,,
unseen_rescue,训练交互未见 API 零样式补救案例,3257,Aolmail For Facebook,558,Aol Open Mail,Unseen,0.0,,2,完整测试集；SCF 至少 2/3 seed 命中；LightGCN 与 Graph+BGE 均未命中,0,3.0,0.0,0.0,3.0,4.0,,,1.0,3.0,3,,,,,,
unseen_rescue,训练交互未见 API 零样式补救案例,3844,Mapyourmp,1135,Theyworkforyou,Unseen,0.0,,0,严格清洗子集；SCF 至少 2/3 seed 命中；LightGCN 与 Graph+BGE 均未命中,1,3.0,0.0,0.0,3.0,6.0,,,1.0,7.0,3,,,,,,
unseen_rescue,训练交互未见 API 零样式补救案例,4521,Shorten Url,678,Urlborg,Unseen,0.0,,0,严格清洗子集；SCF 至少 2/3 seed 命中；LightGCN 与 Graph+BGE 均未命中,1,3.0,0.0,0.0,3.0,7.0,,,4.0,7.0,13,,,,,,
unseen_rescue,训练交互未见 API 零样式补救案例,4735,Eldercare Locator By Phone Or Text (sms),1026,Eldercare Locator,Unseen,1.0,eldercare locator,2,完整测试集；SCF 至少 2/3 seed 命中；LightGCN 与 Graph+BGE 均未命中,0,3.0,0.0,0.0,3.0,3.0,,,1.0,3.0,3,,,,,,
unseen_rescue,训练交互未见 API 零样式补救案例,4787,Aol Mail On Netvibes,558,Aol Open Mail,Unseen,0.0,,2,完整测试集；SCF 至少 2/3 seed 命中；LightGCN 与 Graph+BGE 均未命中,0,2.0,0.0,0.0,3.0,,,,3.0,8.0,3,,,,,,
unseen_rescue,训练交互未见 API 零样式补救案例,4801,Kissmetrics On Shopify,484,Kissmetrics,Unseen,1.0,kissmetrics,2,完整测试集；SCF 至少 2/3 seed 命中；LightGCN 与 Graph+BGE 均未命中,0,3.0,0.0,0.0,3.0,1.0,,,1.0,1.0,2,,,,,,
unseen_rescue,训练交互未见 API 零样式补救案例,5064,Speed Upper,330,Google Page Speed Online,Unseen,0.0,,0,严格清洗子集；SCF 至少 2/3 seed 命中；LightGCN 与 Graph+BGE 均未命中,1,3.0,0.0,0.0,3.0,3.0,,,1.0,2.0,3,,,,,,
unseen_rescue,训练交互未见 API 零样式补救案例,5255,Analytics Edge Connector For Constant Contact,557,Constantcontact,Unseen,0.0,,2,完整测试集；SCF 至少 2/3 seed 命中；LightGCN 与 Graph+BGE 均未命中,0,3.0,0.0,0.0,3.0,2.0,,,1.0,1.0,1,,,,,,
unseen_rescue,训练交互未见 API 零样式补救案例,5341,Sap Anywhere Xero Integration,902,Sap Anywhere,Unseen,1.0,sap anywhere,2,完整测试集；SCF 至少 2/3 seed 命中；LightGCN 与 Graph+BGE 均未命中,0,3.0,0.0,0.0,3.0,2.0,,,1.0,2.0,2,,,,,,
unseen_rescue,训练交互未见 API 零样式补救案例,5342,Nospeech3,1502,Acapela,Unseen,1.0,acapela,2,完整测试集；SCF 至少 2/3 seed 命中；LightGCN 与 Graph+BGE 均未命中,0,3.0,0.0,0.0,3.0,1.0,,,1.0,1.0,3,,,,,,
unseen_rescue,训练交互未见 API 零样式补救案例,5357,Resumedroppr,1152,Beenverified,Unseen,1.0,beenverified,2,完整测试集；SCF 至少 2/3 seed 命中；LightGCN 与 Graph+BGE 均未命中,0,3.0,0.0,0.0,3.0,3.0,,,1.0,2.0,2,,,,,,
unseen_rescue,训练交互未见 API 零样式补救案例,5392,Usa Name Data (bigquery Public Dataset),148,Google Bigquery,Unseen,0.0,,2,完整测试集；SCF 至少 2/3 seed 命中；LightGCN 与 Graph+BGE 均未命中,0,3.0,0.0,0.0,3.0,7.0,,,1.0,6.0,2,,,,,,
unseen_rescue,训练交互未见 API 零样式补救案例,5407,Zilyo Vacation Rental,1134,Zilyo Vacation Rental,Unseen,1.0,zilyo vacation rental,2,完整测试集；SCF 至少 2/3 seed 命中；LightGCN 与 Graph+BGE 均未命中,0,3.0,0.0,0.0,3.0,2.0,,,1.0,2.0,4,,,,,,
unseen_rescue,训练交互未见 API 零样式补救案例,5407,Zilyo Vacation Rental,31,Roomorama,Unseen,1.0,roomorama,2,完整测试集；SCF 至少 2/3 seed 命中；LightGCN 与 Graph+BGE 均未命中,0,3.0,0.0,0.0,3.0,8.0,,,2.0,7.0,4,,,,,,
unseen_rescue,训练交互未见 API 零样式补救案例,5428,Webservicespros Customized Integration Solution For Americommerce,1191,Americommerce,Unseen,1.0,americommerce,2,完整测试集；SCF 至少 2/3 seed 命中；LightGCN 与 Graph+BGE 均未命中,0,3.0,0.0,0.0,3.0,4.0,,,1.0,3.0,1,,,,,,
unseen_rescue,训练交互未见 API 零样式补救案例,5462,Tinfile,724,Softonic,Unseen,1.0,softonic,2,完整测试集；SCF 至少 2/3 seed 命中；LightGCN 与 Graph+BGE 均未命中,0,3.0,0.0,0.0,3.0,3.0,,,1.0,3.0,1,,,,,,
unseen_rescue,训练交互未见 API 零样式补救案例,5468,Xlancer,937,Elance,Unseen,1.0,elance,2,完整测试集；SCF 至少 2/3 seed 命中；LightGCN 与 Graph+BGE 均未命中,0,3.0,0.0,0.0,3.0,7.0,,,1.0,6.0,1,,,,,,
unseen_rescue,训练交互未见 API 零样式补救案例,5511,Digitalbucket With E Signatures,1121,Digitalbucket,Unseen,1.0,digitalbucket,2,完整测试集；SCF 至少 2/3 seed 命中；LightGCN 与 Graph+BGE 均未命中,0,3.0,0.0,0.0,3.0,4.0,,,3.0,4.0,2,,,,,,
unseen_rescue,训练交互未见 API 零样式补救案例,5537,Voice Apps,288,Dialogflow Standard Webhooks,Unseen,0.0,,2,完整测试集；SCF 至少 2/3 seed 命中；LightGCN 与 Graph+BGE 均未命中,0,3.0,0.0,0.0,3.0,8.0,,,2.0,6.0,5,,,,,,
unseen_rescue,训练交互未见 API 零样式补救案例,5537,Voice Apps,1641,Amazon Alexa Smart Home Skills,Unseen,0.0,,2,完整测试集；SCF 至少 2/3 seed 命中；LightGCN 与 Graph+BGE 均未命中,0,3.0,0.0,0.0,3.0,5.0,,,1.0,3.0,5,,,,,,
unseen_rescue,训练交互未见 API 零样式补救案例,5537,Voice Apps,22,Alexa Skill Management,Unseen,0.0,,2,完整测试集；SCF 至少 2/3 seed 命中；LightGCN 与 Graph+BGE 均未命中,0,3.0,0.0,0.0,3.0,7.0,,,3.0,5.0,5,,,,,,
unseen_rescue,训练交互未见 API 零样式补救案例,5544,Get Digitalhealth Patient Generated Health Data Pilots,29,Gethealth,Unseen,0.0,,0,严格清洗子集；SCF 至少 2/3 seed 命中；LightGCN 与 Graph+BGE 均未命中,1,3.0,0.0,0.0,3.0,1.0,,,1.0,1.0,1,,,,,,
unseen_rescue,训练交互未见 API 零样式补救案例,5547,Beeplus,842,Bondora,Unseen,1.0,bondora,2,完整测试集；SCF 至少 2/3 seed 命中；LightGCN 与 Graph+BGE 均未命中,0,3.0,0.0,0.0,3.0,2.0,,,1.0,2.0,1,,,,,,
unseen_rescue,训练交互未见 API 零样式补救案例,5559,Best Bitcoin Price,1393,Canadian Bitcoin Index,Unseen,0.0,,0,严格清洗子集；SCF 至少 2/3 seed 命中；LightGCN 与 Graph+BGE 均未命中,1,3.0,0.0,0.0,3.0,7.0,,,1.0,6.0,1,,,,,,
unseen_rescue,训练交互未见 API 零样式补救案例,5561,Last 10k: Financial Statements,246,Last 10k Company,Unseen,0.0,,0,严格清洗子集；SCF 至少 2/3 seed 命中；LightGCN 与 Graph+BGE 均未命中,1,3.0,0.0,0.0,3.0,1.0,,,1.0,1.0,1,,,,,,
unseen_rescue,训练交互未见 API 零样式补救案例,5565,Bizvizz App,950,Bizvizz,Unseen,1.0,bizvizz,2,完整测试集；SCF 至少 2/3 seed 命中；LightGCN 与 Graph+BGE 均未命中,0,3.0,0.0,0.0,3.0,1.0,,,1.0,1.0,1,,,,,,
unseen_rescue,训练交互未见 API 零样式补救案例,5578,Sdmx Sax Faces,993,Oecd Open Data,Unseen,1.0,oecd open data,2,完整测试集；SCF 至少 2/3 seed 命中；LightGCN 与 Graph+BGE 均未命中,0,3.0,0.0,0.0,3.0,3.0,,,1.0,2.0,1,,,,,,
unseen_rescue,训练交互未见 API 零样式补救案例,5579,Safetycheck,1124,Your Mapper Crimescore,Unseen,0.0,,0,严格清洗子集；SCF 至少 2/3 seed 命中；LightGCN 与 Graph+BGE 均未命中,1,3.0,0.0,0.0,3.0,2.0,,,1.0,2.0,1,,,,,,
unseen_rescue,训练交互未见 API 零样式补救案例,5581,Swyft,178,Gtfs Data Exchange,Unseen,1.0,gtfs data exchange,2,完整测试集；SCF 至少 2/3 seed 命中；LightGCN 与 Graph+BGE 均未命中,0,3.0,0.0,0.0,3.0,7.0,,,3.0,6.0,1,,,,,,
unseen_rescue,训练交互未见 API 零样式补救案例,5585,Netherlands Citysdk,870,Citysdk Mobility,Unseen,0.0,,0,严格清洗子集；SCF 至少 2/3 seed 命中；LightGCN 与 Graph+BGE 均未命中,1,3.0,0.0,0.0,3.0,2.0,,,1.0,2.0,1,,,,,,
unseen_rescue,训练交互未见 API 零样式补救案例,5589,Rentenna,1228,Block Avenue Neighborhood Reviews,Unseen,0.0,,0,严格清洗子集；SCF 至少 2/3 seed 命中；LightGCN 与 Graph+BGE 均未命中,1,3.0,0.0,0.0,3.0,2.0,,,1.0,2.0,1,,,,,,
unseen_rescue,训练交互未见 API 零样式补救案例,5605,That Was My Jam,41,This Is My Jam,Unseen,0.0,,0,严格清洗子集；SCF 至少 2/3 seed 命中；LightGCN 与 Graph+BGE 均未命中,1,3.0,0.0,0.0,3.0,4.0,,,1.0,4.0,1,,,,,,
unseen_rescue,训练交互未见 API 零样式补救案例,5610,Posto,1595,Resfly,Unseen,0.0,,0,严格清洗子集；SCF 至少 2/3 seed 命中；LightGCN 与 Graph+BGE 均未命中,1,3.0,0.0,0.0,3.0,5.0,,,1.0,4.0,1,,,,,,
unseen_rescue,训练交互未见 API 零样式补救案例,5612,Plan My Hotel,396,Hotelston,Unseen,0.0,,0,严格清洗子集；SCF 至少 2/3 seed 命中；LightGCN 与 Graph+BGE 均未命中,1,3.0,0.0,0.0,3.0,7.0,,,3.0,7.0,2,,,,,,
unseen_rescue,训练交互未见 API 零样式补救案例,5619,Tctransit,1158,Metro Transit Nextrip,Unseen,0.0,,0,严格清洗子集；SCF 至少 2/3 seed 命中；LightGCN 与 Graph+BGE 均未命中,1,3.0,0.0,0.0,3.0,6.0,,,1.0,6.0,1,,,,,,
unseen_rescue,训练交互未见 API 零样式补救案例,5643,Feline Finder,999,Rescuegroups,Unseen,0.0,,2,完整测试集；SCF 至少 2/3 seed 命中；LightGCN 与 Graph+BGE 均未命中,0,3.0,0.0,0.0,3.0,2.0,,,1.0,1.0,1,,,,,,
unseen_rescue,训练交互未见 API 零样式补救案例,5648,Alternativeto Android,1597,Alternativeto,Unseen,1.0,alternativeto,2,完整测试集；SCF 至少 2/3 seed 命中；LightGCN 与 Graph+BGE 均未命中,0,3.0,0.0,0.0,3.0,1.0,,,1.0,1.0,1,,,,,,
unseen_rescue,训练交互未见 API 零样式补救案例,5661,Expono Iphoto Plugin,860,Expono,Unseen,1.0,expono,2,完整测试集；SCF 至少 2/3 seed 命中；LightGCN 与 Graph+BGE 均未命中,0,3.0,0.0,0.0,3.0,3.0,,,1.0,3.0,1,,,,,,
unseen_rescue,训练交互未见 API 零样式补救案例,5663,Synonyms Dictionary,358,Synonyms,Unseen,1.0,synonyms,2,完整测试集；SCF 至少 2/3 seed 命中；LightGCN 与 Graph+BGE 均未命中,0,3.0,0.0,0.0,3.0,4.0,,,1.0,2.0,1,,,,,,
unseen_rescue,训练交互未见 API 零样式补救案例,5674,Web2voice For Alibris,1360,Alibris,Unseen,1.0,alibris,2,完整测试集；SCF 至少 2/3 seed 命中；LightGCN 与 Graph+BGE 均未命中,0,3.0,0.0,0.0,3.0,4.0,,,1.0,4.0,2,,,,,,
unseen_rescue,训练交互未见 API 零样式补救案例,5696,Chicago Apartments,736,Peekacity,Unseen,1.0,peekacity,2,完整测试集；SCF 至少 2/3 seed 命中；LightGCN 与 Graph+BGE 均未命中,0,3.0,0.0,0.0,3.0,2.0,,,1.0,2.0,1,,,,,,
unseen_rescue,训练交互未见 API 零样式补救案例,5697,Sosius Integrates Signature,235,Opensosius,Unseen,0.0,,2,完整测试集；SCF 至少 2/3 seed 命中；LightGCN 与 Graph+BGE 均未命中,0,3.0,0.0,0.0,3.0,3.0,,,1.0,3.0,2,,,,,,
unseen_rescue,训练交互未见 API 零样式补救案例,5724,Mesibo Real Time Chat App,492,Mesibo Server Side,Unseen,0.0,,0,严格清洗子集；SCF 至少 2/3 seed 命中；LightGCN 与 Graph+BGE 均未命中,1,3.0,0.0,0.0,3.0,4.0,,,2.0,4.0,2,,,,,,
unseen_rescue,训练交互未见 API 零样式补救案例,5724,Mesibo Real Time Chat App,1310,Mesibo Client Side,Unseen,0.0,,0,严格清洗子集；SCF 至少 2/3 seed 命中；LightGCN 与 Graph+BGE 均未命中,1,3.0,0.0,0.0,3.0,3.0,,,1.0,3.0,2,,,,,,
unseen_rescue,训练交互未见 API 零样式补救案例,5919,Todotoday For Hiveminder,1540,Hiveminder,Unseen,1.0,hiveminder,2,完整测试集；SCF 至少 2/3 seed 命中；LightGCN 与 Graph+BGE 均未命中,0,3.0,0.0,0.0,3.0,1.0,,,1.0,1.0,1,,,,,,
unseen_rescue,训练交互未见 API 零样式补救案例,5993,Polirazzi,1395,Ikregeer.nl,Unseen,0.0,,0,严格清洗子集；SCF 至少 2/3 seed 命中；LightGCN 与 Graph+BGE 均未命中,1,3.0,0.0,0.0,3.0,8.0,,,1.0,8.0,1,,,,,,
unseen_rescue,训练交互未见 API 零样式补救案例,6542,Spamon Disposable Emails,169,Spamon,Unseen,1.0,spamon,2,完整测试集；SCF 至少 2/3 seed 命中；LightGCN 与 Graph+BGE 均未命中,0,3.0,0.0,0.0,3.0,9.0,,,2.0,8.0,1,,,,,,
unseen_rescue,训练交互未见 API 零样式补救案例,6900,Gengo Youtube Translation 2,125,Gengo Human Translation,Unseen,0.0,,2,完整测试集；SCF 至少 2/3 seed 命中；LightGCN 与 Graph+BGE 均未命中,0,3.0,0.0,0.0,3.0,2.0,,,1.0,2.0,2,,,,,,
unseen_rescue,训练交互未见 API 零样式补救案例,7072,Scanurl.net,294,Phishtank,Unseen,1.0,phishtank,2,完整测试集；SCF 至少 2/3 seed 命中；LightGCN 与 Graph+BGE 均未命中,0,3.0,0.0,0.0,3.0,9.0,,,1.0,7.0,3,,,,,,
unseen_rescue,训练交互未见 API 零样式补救案例,7141,Programmableweb Search Tool,952,Programmableweb,Unseen,1.0,programmableweb,2,完整测试集；SCF 至少 2/3 seed 命中；LightGCN 与 Graph+BGE 均未命中,0,3.0,0.0,0.0,3.0,3.0,,,1.0,2.0,1,,,,,,
unseen_rescue,训练交互未见 API 零样式补救案例,7246,Yahoo Live On Map,1182,Yahoo Live,Unseen,1.0,yahoo live,2,完整测试集；SCF 至少 2/3 seed 命中；LightGCN 与 Graph+BGE 均未命中,0,3.0,0.0,0.0,3.0,9.0,,,1.0,7.0,2,,,,,,
unseen_rescue,训练交互未见 API 零样式补救案例,7327,I Need To Read This,1082,Vidoop,Unseen,1.0,vidoop,2,完整测试集；SCF 至少 2/3 seed 命中；LightGCN 与 Graph+BGE 均未命中,0,3.0,0.0,0.0,3.0,3.0,,,1.0,2.0,1,,,,,,
complex_failure,复杂多 API 失败案例,399,,-1,,Mixed,,,2,严格清洗子集；SCF 三个 seed 均未命中,1,,,,,,,,,,8,7.0,0.0,0.0,1.0,0.0,11.0
complex_failure,复杂多 API 失败案例,2186,,-1,,Mixed,,,2,严格清洗子集；SCF 三个 seed 均未命中,1,,,,,,,,,,3,3.0,0.0,0.0,0.0,0.0,11.0
complex_failure,复杂多 API 失败案例,2304,,-1,,Mixed,,,2,严格清洗子集；SCF 三个 seed 均未命中,1,,,,,,,,,,5,4.0,1.0,0.0,0.0,0.0,7.0
complex_failure,复杂多 API 失败案例,2440,,-1,,Mixed,,,2,严格清洗子集；SCF 三个 seed 均未命中,1,,,,,,,,,,7,6.0,1.0,0.0,0.0,0.0,9.0
complex_failure,复杂多 API 失败案例,2669,,-1,,Mixed,,,2,严格清洗子集；SCF 三个 seed 均未命中,1,,,,,,,,,,3,2.0,1.0,0.0,0.0,0.0,6.0
complex_failure,复杂多 API 失败案例,2933,,-1,,Mixed,,,2,严格清洗子集；SCF 三个 seed 均未命中,1,,,,,,,,,,3,3.0,0.0,0.0,0.0,0.0,3.0
complex_failure,复杂多 API 失败案例,2934,,-1,,Mixed,,,3,完整测试集；SCF 三个 seed 均未命中,0,,,,,,,,,,6,5.0,0.0,0.0,1.0,0.0,13.0
complex_failure,复杂多 API 失败案例,3254,,-1,,Mixed,,,2,严格清洗子集；SCF 三个 seed 均未命中,1,,,,,,,,,,5,3.0,2.0,0.0,0.0,0.0,1.0
complex_failure,复杂多 API 失败案例,4162,,-1,,Mixed,,,2,严格清洗子集；SCF 三个 seed 均未命中,1,,,,,,,,,,4,3.0,1.0,0.0,0.0,0.0,2.0
complex_failure,复杂多 API 失败案例,4608,,-1,,Mixed,,,2,严格清洗子集；SCF 三个 seed 均未命中,1,,,,,,,,,,4,1.0,2.0,1.0,0.0,0.0,4.0
complex_failure,复杂多 API 失败案例,4696,,-1,,Mixed,,,0,严格清洗子集；四种方法三个 seed 均未命中,1,,,,,,,,,,3,2.0,0.0,0.0,1.0,0.0,0.0
complex_failure,复杂多 API 失败案例,4796,,-1,,Mixed,,,2,严格清洗子集；SCF 三个 seed 均未命中,1,,,,,,,,,,3,2.0,0.0,0.0,1.0,0.0,3.0
complex_failure,复杂多 API 失败案例,4799,,-1,,Mixed,,,0,严格清洗子集；四种方法三个 seed 均未命中,1,,,,,,,,,,6,2.0,2.0,0.0,2.0,0.0,0.0
complex_failure,复杂多 API 失败案例,4856,,-1,,Mixed,,,1,完整测试集；四种方法三个 seed 均未命中,0,,,,,,,,,,3,2.0,0.0,0.0,1.0,0.0,0.0
complex_failure,复杂多 API 失败案例,5011,,-1,,Mixed,,,2,严格清洗子集；SCF 三个 seed 均未命中,1,,,,,,,,,,5,0.0,1.0,1.0,3.0,0.0,6.0
complex_failure,复杂多 API 失败案例,6421,,-1,,Mixed,,,2,严格清洗子集；SCF 三个 seed 均未命中,1,,,,,,,,,,3,2.0,1.0,0.0,0.0,0.0,6.0
complex_failure,复杂多 API 失败案例,7282,,-1,,Mixed,,,2,严格清洗子集；SCF 三个 seed 均未命中,1,,,,,,,,,,8,7.0,1.0,0.0,0.0,0.0,4.0
complex_failure,复杂多 API 失败案例,7909,,-1,,Mixed,,,2,严格清洗子集；SCF 三个 seed 均未命中,1,,,,,,,,,,4,3.0,0.0,0.0,1.0,0.0,4.0
